Wall time,Step,Value
1739773957.6498337,2063,0.030575886368751526
1739783530.0471795,4127,0.04428480938076973
1739793185.009254,6191,0.025573009625077248
1739802956.4261594,8255,0.03373104706406593
1739812684.983807,10319,0.027393877506256104
1739822379.716846,12383,0.041612137109041214
1739832102.532789,14447,0.029651137068867683
1739841708.412211,16511,0.033773843199014664
