Wall time,Step,Value
1738757487.994067,2063,0.037089888006448746
1738767237.4749794,4127,0.04144442453980446
1738776899.2615018,6191,0.04578627645969391
1738786727.05982,8255,0.04821820557117462
1738796480.3750827,10319,0.038978029042482376
1738806157.832389,12383,0.04393742233514786
1738815864.9124532,14447,0.029003644362092018
1738825631.9509642,16511,0.03513111546635628
1738835255.1896915,18575,0.03781299293041229
1738845045.4208355,20639,0.047596704214811325
